Scientific Name,Scientific Fact,Subreddit
Tillandsia recurvata,commonly found in the Southern US.,r/ExplainLikeImFive
Vachellia farnesiana,fragrant golden flowers that bloom in the wintertime. Its a very low maintenance plant, r/askWomen
Quercus fusiformis,They can commonly be found in Austin Texas! ,r/Drugs
Hamelia,This shrub is drought tolerant and can grow up to 10ish feet tall,r/OutOftheLoop
Dermatophyllum secundiflorum,"They have glossy green leaves that produce clusters of fragrant, purple flowers in the spring.",r/MaleFashionAdvice
Caesalpinia pulcherrima,It thrives in hot humid climates which makes it a great fit for Texas,r/Dating
Dichelache crinita,It can grow up to 1.5 meters high,r/antiWork
Yucca elata,It grows about 4 ft tall in 10 years,r/SocialSkills
Galphimia glauca,It thrives in the sun and can tolderate both acidic and alkaline conditions,r/Politics
Esperanza Flowers, They are popular in warm climates like Texas since they can survive droughts.,r/AmIOverReacting
,,
,,
,,
,,
,,
,,
,,
,,
,,
,,
,,
,,
,,
,,
,,
,,
,,
,,
 ,,
,,
,,
,,
,,
,,
,,
,,
,,
 ,,
,,
,,
,,
,,
,,
,,
,,
,,
,,
,,
,,
,,
,,
,,
,,
,,
,,
 ,,